bucket,target_coverage,lower_threshold,actual_coverage,accuracy,fpr,n_covered
en,0.3,0.019190714147080394,0.5860683188211654,0.9954285714285714,1.0,875
en,0.35,0.019190714147080394,0.5860683188211654,0.9954285714285714,1.0,875
en,0.4,0.019190714147080394,0.5860683188211654,0.9954285714285714,1.0,875
en,0.45,0.019190714147080394,0.5860683188211654,0.9954285714285714,1.0,875
en,0.5,0.019190714147080394,0.5860683188211654,0.9954285714285714,1.0,875
en,0.55,0.019190714147080394,0.5860683188211654,0.9954285714285714,1.0,875
en,0.6,0.022210386242655086,0.6001339584728734,0.9955357142857143,0.16,896
en,0.65,0.025572661576687042,0.6503683858004019,0.9948506694129763,0.04040404040404041,971
en,0.7,0.02727986449560642,0.7006028131279304,0.994263862332696,0.023121387283236993,1046
en,0.75,0.029687517569104347,0.7501674480910918,0.9946428571428572,0.016194331983805668,1120
en,0.8,0.03672490853656549,0.8004018754186202,0.9916317991631799,0.012578616352201259,1195
en,0.85,0.13177793776720298,0.8506363027461487,0.9732283464566929,0.01084010840108401,1270
en,0.9,0.9078766618621606,0.9002009377093101,0.9360119047619048,0.010230179028132993,1344
en,0.95,0.9913652330419004,0.9504353650368386,0.8921775898520085,0.010025062656641603,1419
en,1.0,0.9950219201613736,1.0,0.8499665103817816,0.009950248756218905,1493
hi,0.3,0.016128974717644507,0.30029154518950435,0.9854368932038835,0.0784313725490196,412
hi,0.35,0.018131862183778952,0.35058309037900875,0.9875259875259875,0.03333333333333333,481
hi,0.4,0.020244278712560463,0.4001457725947522,0.9872495446265938,0.0213903743315508,549
hi,0.45,0.023121983114249366,0.45043731778425655,0.9805825242718447,0.01593625498007968,618
hi,0.5,0.026367697106102577,0.5,0.9723032069970845,0.01282051282051282,686
hi,0.55,0.04968257158371681,0.5502915451895044,0.9470198675496688,0.011111111111111112,755
hi,0.6,0.12069331788925006,0.6005830903790087,0.9053398058252428,0.010230179028132993,824
hi,0.65,0.39511752895518865,0.6501457725947521,0.8688340807174888,0.009523809523809525,892
hi,0.7,0.7356478086683086,0.7004373177842566,0.8199791883454735,0.009237875288683603,961
hi,0.75,0.8924743596225392,0.75,0.7725947521865889,0.00909090909090909,1029
hi,0.8,0.9445765585296262,0.8002915451895044,0.726775956284153,0.009029345372460496,1098
hi,0.85,0.9617011523130645,0.8505830903790087,0.6863753213367609,0.008968609865470852,1167
hi,0.9,0.968336070026672,0.9001457725947521,0.6493927125506073,0.008948545861297539,1235
hi,0.95,0.9717963357542482,0.9504373177842566,0.6150306748466258,0.008948545861297539,1304
hi,1.0,0.9740545983013412,1.0,0.5860058309037901,0.008908685968819599,1372
te,0.3,0.00436750114627957,0.30064308681672025,0.9679144385026738,0.02027027027027027,187
te,0.35,0.004821739573330764,0.3504823151125402,0.9724770642201835,0.01675977653631285,218
te,0.4,0.005367574875518487,0.4003215434083601,0.9718875502008032,0.014354066985645933,249
te,0.45,0.0058867326942929005,0.45016077170418006,0.975,0.0125,280
te,0.5,0.006787751284373216,0.5,0.977491961414791,0.01107011070110701,311
te,0.55,0.008884955241271211,0.5514469453376206,0.9737609329446064,0.009966777408637873,343
te,0.6,0.01595264181510671,0.6012861736334405,0.9705882352941176,0.00909090909090909,374
te,0.65,0.04463163497224256,0.6511254019292605,0.9629629629629629,0.008403361344537815,405
te,0.7,0.3789055838539485,0.7009646302250804,0.944954128440367,0.0079155672823219,436
te,0.75,0.8610657444949918,0.7508038585209004,0.9100642398286938,0.007653061224489796,467
te,0.8,0.9647023997752965,0.8006430868167203,0.857429718875502,0.007614213197969543,498
te,0.85,0.9734564291807518,0.8504823151125402,0.8090737240075614,0.007594936708860759,529
te,0.9,0.976410465215462,0.9003215434083601,0.7642857142857142,0.007594936708860759,560
te,0.95,0.9802071514100846,0.9501607717041801,0.7258883248730964,0.007575757575757576,591
te,1.0,0.9834538719184884,1.0,0.6913183279742765,0.007556675062972292,622
cm,0.3,0.010096850780842699,0.30036188178528345,0.9759036144578314,0.02857142857142857,249
cm,0.35,0.01046607986071042,0.35102533172496986,0.979381443298969,0.02304147465437788,291
cm,0.4,0.010939667852465407,0.40048250904704463,0.9819277108433735,0.01937984496124031,332
cm,0.45,0.011920703642877027,0.451145958986731,0.983957219251337,0.016666666666666666,374
cm,0.5,0.015100775131979613,0.5006031363088058,0.9855421686746988,0.01466275659824047,415
cm,0.55,0.02142939085489832,0.5500603136308806,0.9802631578947368,0.013192612137203167,456
cm,0.6,0.033063139822583874,0.6007237635705669,0.9738955823293173,0.011990407673860911,498
cm,0.65,0.07149259312578912,0.6501809408926418,0.9591836734693877,0.011135857461024499,539
cm,0.7,0.1439609769112255,0.7008443908323281,0.9500860585197934,0.010330578512396695,581
cm,0.75,0.28539279287002545,0.7503015681544029,0.932475884244373,0.009765625,622
cm,0.8,0.4526018961653509,0.8009650180940893,0.9171686746987951,0.009242144177449169,664
cm,0.85,0.6669989388115061,0.850422195416164,0.8893617021276595,0.008944543828264758,705
cm,0.9,0.7804603565130865,0.9010856453558505,0.856760374832664,0.008741258741258742,747
cm,0.95,0.8317584095686739,0.9505428226779252,0.8299492385786802,0.008532423208191127,788
cm,1.0,0.8706897778284561,1.0,0.8021712907117008,0.008375209380234505,829
