alpha,bucket,tau,n_calibration,cal_median
0.01,en,0.9950219201613735,1000,0.028590449723543444
0.01,hi,0.9740545983013413,1000,0.0227249398322018
0.01,te,0.9834538719184883,1000,0.0050346592595289456
0.01,cm,0.8706897778284561,1000,0.1327127279912081
0.01,_global,0.9757045016572846,4000,
0.05,en,0.7070866514772087,1000,0.028590449723543444
0.05,hi,0.7366648424605313,1000,0.0227249398322018
0.05,te,0.41654958629370314,1000,0.0050346592595289456
0.05,cm,0.819371692756889,1000,0.1327127279912081
0.05,_global,0.775535716828515,4000,
