bucket,scope,alpha,tau,n_human,n_machine,fpr,fpr_lo,fpr_hi,bound_p_value,bound_holds,recall,gate_coverage,gate_false_clear,gate_machine_abstained,gate_accuracy_covered
en,all test,0.01,0.9950219201613736,402,1091,0.009950248756218905,0.0038760074036020484,0.025301878747053776,0.5714241944031004,True,0.7983501374885427,0.7300736771600804,0.0018331805682859762,0.1998166819431714,0.9944954128440368
en,all test,0.05,0.7070866514772087,402,1091,0.05223880597014925,0.034417898245873824,0.07853651549584216,0.45000155080613347,False,0.9459211732355637,0.8492967180174146,0.0018331805682859762,0.05224564619615032,0.9818611987381703
hi,all test,0.01,0.9740545983013412,449,923,0.008908685968819599,0.00346965654772724,0.02267988448383876,0.6572818426346009,True,0.38894907908992415,0.4467930029154519,0.007583965330444204,0.6034669555796316,0.9820554649265906
hi,seen only,0.01,0.9740545983013412,449,444,0.008908685968819599,0.00346965654772724,0.02267988448383876,0.6572818426346009,True,0.3108108108108108,0.43561030235162373,0.009009009009009009,0.6801801801801802,0.9794344473007712
hi,llama only,0.01,0.9740545983013412,449,479,0.008908685968819599,0.00346965654772724,0.02267988448383876,0.6572818426346009,True,0.4613778705636743,0.5075431034482759,0.006263048016701462,0.5323590814196242,0.9851380042462845
hi,all test,0.05,0.7366648424605313,449,923,0.044543429844097995,0.02901718836702219,0.06779723857608551,0.7321390448636076,True,0.8147345612134345,0.7448979591836735,0.007583965330444204,0.17768147345612134,0.9735812133072407
hi,seen only,0.05,0.7366648424605313,449,444,0.044543429844097995,0.02901718836702219,0.06779723857608551,0.7321390448636076,True,0.8806306306306306,0.7368421052631579,0.009009009009009009,0.11036036036036036,0.9635258358662614
hi,llama only,0.05,0.7366648424605313,449,479,0.044543429844097995,0.02901718836702219,0.06779723857608551,0.7321390448636076,True,0.7536534446764092,0.6756465517241379,0.006263048016701462,0.24008350730688935,0.9633173843700159
te,all test,0.01,0.9834538719184884,397,225,0.007556675062972292,0.0025731660484106782,0.02197917582428916,0.7589391015187732,True,0.16,0.37138263665594856,0.013333333333333334,0.8266666666666667,0.974025974025974
te,all test,0.05,0.4165495862937031,397,225,0.05037783375314862,0.032845276759443404,0.07652860060258689,0.5183250165294018,False,0.9022222222222223,0.6672025723472669,0.013333333333333334,0.08444444444444445,0.944578313253012
cm,all test,0.01,0.8706897778284561,597,232,0.008375209380234505,0.003582489514403807,0.019454530558773546,0.7122462195558771,True,0.3146551724137931,0.6887816646562123,0.09482758620689655,0.5905172413793104,0.9527145359019265
cm,all test,0.05,0.819371692756889,597,232,0.03350083752093802,0.021789453003738794,0.0511775319720019,0.9792723714234688,True,0.47413793103448276,0.7515078407720145,0.09482758620689655,0.43103448275862066,0.9325842696629213
