bucket,scope,method,auroc,lo,hi,diff_vs_headA,diff_lo,diff_hi
en,all,global (adopted),0.9887523883789119,0.9838642488747829,0.9929946395428906,0.002649447537746541,-0.00010055132221571671,0.005796350511420814
en,all,interaction,0.9894683320336903,0.9834662617252874,0.9938757746555945,0.0033653911925249913,-0.0016385191366722284,0.008613953605027022
en,all,separate per bucket,0.9894683320336903,0.9834662617252874,0.9938757746555945,0.0033653911925249913,-0.0016385191366722284,0.008613953605027022
en,all,"global, OOF Head A",0.9886452248382286,0.9838122631571746,0.9928071603485779,0.002542283997063244,-2.0862689303122164e-05,0.00541358286477788
en,all,"interaction, OOF Head A",0.9892448846509888,0.9831294945985016,0.9937321869114555,0.0031419438098234664,-0.00201798067408136,0.008467743774254414
en,all,"separate, OOF Head A",0.9892266440483192,0.9831316606700686,0.9937391411412233,0.0031237032071538273,-0.0020616441167215253,0.008471676904205066
en,all,Head A alone,0.9861029408411653,0.9800847389997766,0.9912199429069135,0.0,0.0,0.0
en,all,Head B alone,0.8996721251670154,0.8844611725971426,0.9163672927753532,-0.0864308156741499,-0.10232624685919604,-0.0682710416752169
en,seen,global (adopted),0.9887523883789119,0.9839838388260347,0.9926858603408256,0.002649447537746541,-0.00013788755580490801,0.005780161976551676
en,seen,interaction,0.9894683320336903,0.9833863450848416,0.9937561847043427,0.0033653911925249913,-0.0016470694191736302,0.008298619186377861
en,seen,separate per bucket,0.9894683320336903,0.9833863450848416,0.9937561847043427,0.0033653911925249913,-0.0016470694191736302,0.008298619186377861
en,seen,"global, OOF Head A",0.9886452248382286,0.9839540838429301,0.9924998061935966,0.002542283997063244,4.047133717222125e-06,0.005446415949583107
en,seen,"interaction, OOF Head A",0.9892448846509888,0.9832161374611816,0.9937003228586672,0.0031419438098234664,-0.0020821077928413643,0.008157881536406031
en,seen,"separate, OOF Head A",0.9892266440483192,0.983197725852862,0.9936912025573325,0.0031237032071538273,-0.0021046805386451457,0.008141179984586598
en,seen,Head A alone,0.9861029408411653,0.9805681719724019,0.9908575249326237,0.0,0.0,0.0
en,seen,Head B alone,0.8996721251670154,0.8813187727722526,0.9153762010296819,-0.0864308156741499,-0.10581065798413974,-0.06966941187736846
hi,all,global (adopted),0.9608254288451282,0.9502150559688438,0.9708832918704621,0.0011582256947544334,-0.0018102705663481794,0.004384668469959934
hi,all,interaction,0.9603959201499903,0.9498862887794473,0.9699854256600076,0.0007287169996165188,-0.0006216414471064579,0.002306980481484172
hi,all,separate per bucket,0.9604658962857151,0.9499914339557993,0.9700646917309924,0.0007986931353413107,-0.0006035441706258582,0.002434928226201435
hi,all,"global, OOF Head A",0.9610425961628948,0.9505520875811663,0.9711610247401834,0.0013753930125209868,-0.0013130780571728089,0.0043385204149344325
hi,all,"interaction, OOF Head A",0.9562214817084795,0.9452908473627442,0.9665276996913812,-0.003445721441894256,-0.006109700864084483,-0.0009568633317809421
hi,all,"separate, OOF Head A",0.9567523351519086,0.9458692363190622,0.9669789251182959,-0.002914867998465187,-0.005354742813571356,-0.0006054142225288691
hi,all,Head A alone,0.9596672031503738,0.9490191879390097,0.9692419895421871,0.0,0.0,0.0
hi,all,Head B alone,0.5689687206673311,0.5382798418056739,0.598957657198976,-0.39069848248304273,-0.4224372446775911,-0.3580213765029789
hi,seen,global (adopted),0.9687594052850178,0.9560723028150644,0.9801060665342403,-0.0046901021288547895,-0.009400394269547974,0.000297708621762084
hi,seen,interaction,0.9721352755873914,0.9602679377595861,0.9821529073617047,-0.0013142318264811603,-0.003747065551074402,0.0011296374325327227
hi,seen,separate per bucket,0.9720500010032304,0.960187428519834,0.9820824304259715,-0.0013995064106422372,-0.0038776109071209154,0.0011241196653221286
hi,seen,"global, OOF Head A",0.9697325387748551,0.957601225947551,0.9807745941933025,-0.0037169686390174927,-0.007822312847368524,0.0007343646541865877
hi,seen,"interaction, OOF Head A",0.9746935131122214,0.9635632988222075,0.9833819900078251,0.0012440056983488157,-0.002218142418587893,0.0045448845281807005
hi,seen,"separate, OOF Head A",0.9747336423282971,0.963595903810269,0.9834068199602721,0.001284134914424473,-0.0019786211601355436,0.004469893055639173
hi,seen,Head A alone,0.9734495074138726,0.9619172485402997,0.982416255342202,0.0,0.0,0.0
hi,seen,Head B alone,0.33555047252151926,0.298510077449387,0.3736596841830695,-0.6378990348923533,-0.6771265976444152,-0.5973273942093541
hi,heldout,global (adopted),0.9534711792849803,0.9409161393214334,0.9651949821221828,0.006579222675302532,0.0032682230519221755,0.011025661293247429
hi,heldout,interaction,0.9495143464251341,0.9356711272091541,0.9618091234987516,0.002622389815456372,0.001166940219741494,0.0047944632237726815
hi,heldout,separate per bucket,0.9497282292824231,0.9359907890882545,0.9619779049709165,0.0028362726727453325,0.0012692320210535486,0.0051393493311511175
hi,heldout,"global, OOF Head A",0.9529876180424139,0.9404260686006016,0.9646408627848478,0.00609566143273621,0.0031464028158143644,0.010239990514760421
hi,heldout,"interaction, OOF Head A",0.9390991812006266,0.9218904454807947,0.9544184246132673,-0.0077927754090511,-0.0118615480469241,-0.0046620650854833955
hi,heldout,"separate, OOF Head A",0.940084902195089,0.9231404977891021,0.9550662339413496,-0.006807054414588731,-0.010430508994704088,-0.003933003519767959
hi,heldout,Head A alone,0.9468919566096777,0.9320639463247021,0.960181288969689,0.0,0.0,0.0
hi,heldout,Head B alone,0.7853313556918413,0.7542612672094331,0.8130810290555212,-0.16156060091783642,-0.19620264935765414,-0.1281978974385202
te,all,global (adopted),0.9634144976210467,0.9447537083683178,0.9786431570109152,-0.009482227819759381,-0.018283795130142715,-0.002339770500979771
te,all,interaction,0.9760537363560033,0.9631544920235098,0.9867464315701091,0.003157010915197267,-0.004007836551917168,0.01087209627763781
te,all,separate per bucket,0.9760761265043381,0.963243212986286,0.9867475510775259,0.0031794010635319836,-0.003918835712286661,0.010683459277917815
te,all,"global, OOF Head A",0.9648922474111391,0.9462155051777219,0.9799431849986006,-0.008004478029666973,-0.016514413657990508,-0.0015219703330536937
te,all,"interaction, OOF Head A",0.974273719563392,0.9586563112230619,0.9866554715924993,0.0013769941225859617,-0.008165407220822861,0.011545479988804635
te,all,"separate, OOF Head A",0.9747663028267564,0.9598247970892808,0.9865267282395747,0.0018695773859502829,-0.00696585502378953,0.011409459837671339
te,all,Head A alone,0.9728967254408061,0.9586599496221663,0.9845071368597818,0.0,0.0,0.0
te,all,Head B alone,0.23482787573467673,0.19794682339770503,0.2803268961656871,-0.7380688497061294,-0.7783697173243772,-0.6900148334732717
te,seen,global (adopted),0.9634144976210467,0.9434374475230898,0.9807346767422334,-0.009482227819759381,-0.017511614889448614,-0.002550517772180185
te,seen,interaction,0.9760537363560033,0.9633008676182478,0.9868578225580744,0.003157010915197267,-0.004713965855023841,0.010512454520011419
te,seen,separate per bucket,0.9760761265043381,0.963411978729359,0.9867800167926112,0.0031794010635319836,-0.004657710607332754,0.010434089000839582
te,seen,"global, OOF Head A",0.9648922474111391,0.9455152532885531,0.9821564511614889,-0.008004478029666973,-0.015923593618807946,-0.0012986286034146698
te,seen,"interaction, OOF Head A",0.974273719563392,0.9600719283515253,0.9863322138259165,0.0013769941225859617,-0.008924153372516128,0.010870696893367
te,seen,"separate, OOF Head A",0.9747663028267564,0.9607439126784215,0.986431570109152,0.0018695773859502829,-0.007725720682899531,0.010719283515253359
te,seen,Head A alone,0.9728967254408061,0.9576826196473552,0.9859974811083124,0.0,0.0,0.0
te,seen,Head B alone,0.23482787573467673,0.1951183879093199,0.27748194794290515,-0.7380688497061294,-0.7806143296949342,-0.6931472152253009
cm,all,global (adopted),0.9283341997343038,0.9104984332582453,0.9454412868942413,0.0007869808814187085,-0.0017723314850114494,0.0028957647432564953
cm,all,interaction,0.9298359614162769,0.9110742289031364,0.9470210246635477,0.0022887425633918435,-0.002469603765956038,0.007206290071044948
cm,all,separate per bucket,0.9297421013111535,0.910794453589788,0.9475289522324264,0.002194882458268488,-0.0030414284063997347,0.007725769652861955
cm,all,"global, OOF Head A",0.9282547796453531,0.9105269522901865,0.9453532027955871,0.0007075607924680316,-0.0017194449257783879,0.0026067839195980905
cm,all,"interaction, OOF Head A",0.9294894010281292,0.9105478903136371,0.9474670406630855,0.0019421821752441115,-0.0034823904002771935,0.007617650031768185
cm,all,"separate, OOF Head A",0.9290417605267718,0.9101318373476578,0.9472831109570843,0.00149454167388674,-0.004239588748339518,0.00770429012880493
cm,all,Head A alone,0.927547218852885,0.9104453661988101,0.9441696629700225,0.0,0.0,0.0
cm,all,Head B alone,0.6471004447524982,0.6084145584243055,0.6876285161439382,-0.2804467741003869,-0.32092322243400917,-0.23882162248021735
cm,seen,global (adopted),0.9283341997343038,0.9093161569340957,0.9447514151215849,0.0007869808814187085,-0.0016902038930283747,0.0028807832264772294
cm,seen,interaction,0.9298359614162769,0.9112998541558366,0.9466266317218276,0.0022887425633918435,-0.0022309824987004623,0.006809370126494609
cm,seen,separate per bucket,0.9297421013111535,0.9116128415063826,0.9468412464621961,0.002194882458268488,-0.002594329405649065,0.0072792121527176555
cm,seen,"global, OOF Head A",0.9282547796453531,0.9092592993704155,0.944708636573673,0.0007075607924680316,-0.0015820842719343892,0.002578264887656719
cm,seen,"interaction, OOF Head A",0.9294894010281292,0.9112695301218738,0.9466878212903599,0.0019421821752441115,-0.0029964838560619213,0.007205748570438472
cm,seen,"separate, OOF Head A",0.9290417605267718,0.9109179157280657,0.9464806070582799,0.00149454167388674,-0.003986166464506394,0.007423070813839182
cm,seen,Head A alone,0.927547218852885,0.9085093210304396,0.9438310445907699,0.0,0.0,0.0
cm,seen,Head B alone,0.6471004447524982,0.6050646551724138,0.68651320539479,-0.2804467741003869,-0.32419027609310935,-0.2390707127591983
