bucket,scope,mode,target,t,tau,coverage,fpr,human_cleared,machine_recall,false_clear,machine_abstained,accuracy_covered,n
en,all test,shipped (cal median),-,0.0285904497235434,0.9950219201613736,0.7300736771600804,0.009950248756218905,0.5298507462686567,0.7983501374885427,0.0018331805682859762,0.1998166819431714,0.9944954128440368,1493
en,all test,oracle,0.7,0.02727986449560642,0.9950219201613736,0.7006028131279304,0.009950248756218905,0.42039800995024873,0.7983501374885427,0.0018331805682859762,0.1998166819431714,0.994263862332696,1493
en,all test,train,0.7,0.027405028006652028,0.9950219201613736,0.7039517749497656,0.009950248756218905,0.43283582089552236,0.7983501374885427,0.0018331805682859762,0.1998166819431714,0.994291151284491,1493
en,all test,oracle,0.8,0.03672490853656549,0.9950219201613736,0.8004018754186202,0.009950248756218905,0.7810945273631841,0.7983501374885427,0.005499541704857928,0.19615032080659944,0.9916317991631799,1493
en,all test,train,0.8,0.041514259813951813,0.9950219201613736,0.8117883456128601,0.009950248756218905,0.8134328358208955,0.7983501374885427,0.00916590284142988,0.1924839596700275,0.9884488448844885,1493
en,all test,oracle,0.9,0.9078766618621606,0.9950219201613736,0.9002009377093101,0.009950248756218905,0.9626865671641791,0.7983501374885427,0.07516040329972502,0.12648945921173235,0.9360119047619048,1493
en,all test,train,0.9,0.9610400913085433,0.9950219201613736,0.9156061620897522,0.009950248756218905,0.9751243781094527,0.7983501374885427,0.09165902841429881,0.10999083409715857,0.9239209948792977,1493
hi,all test,shipped (cal median),-,0.0227249398322018,0.9740545983013412,0.4467930029154519,0.008908685968819599,0.5412026726057907,0.38894907908992415,0.007583965330444204,0.6034669555796316,0.9820554649265906,1372
hi,seen only,shipped (cal median),-,0.0227249398322018,0.9740545983013412,0.43561030235162373,0.008908685968819599,0.5412026726057907,0.3108108108108108,0.009009009009009009,0.6801801801801802,0.9794344473007712,893
hi,llama only,shipped (cal median),-,0.0227249398322018,0.9740545983013412,0.5075431034482759,0.008908685968819599,0.5412026726057907,0.4613778705636743,0.006263048016701462,0.5323590814196242,0.9851380042462845,928
hi,all test,oracle,0.7,0.7356478086683086,0.9740545983013412,0.7004373177842566,0.008908685968819599,0.955456570155902,0.38894907908992415,0.18309859154929578,0.4279523293607801,0.8199791883454735,1372
hi,seen only,oracle,0.7,0.7356478086683086,0.9740545983013412,0.6987681970884658,0.008908685968819599,0.955456570155902,0.3108108108108108,0.11936936936936937,0.5698198198198198,0.9086538461538461,893
hi,llama only,oracle,0.7,0.7356478086683086,0.9740545983013412,0.8297413793103449,0.008908685968819599,0.955456570155902,0.4613778705636743,0.24217118997912318,0.2964509394572025,0.8441558441558441,928
hi,all test,train,0.7,0.7529451449378841,0.9740545983013412,0.7040816326530612,0.008908685968819599,0.9599109131403119,0.38894907908992415,0.18634886240520043,0.4247020585048754,0.8178053830227743,1372
hi,seen only,train,0.7,0.7529451449378841,0.9740545983013412,0.7010078387458006,0.008908685968819599,0.9599109131403119,0.3108108108108108,0.11936936936936937,0.5698198198198198,0.9089456869009584,893
hi,llama only,train,0.7,0.7529451449378841,0.9740545983013412,0.8351293103448276,0.008908685968819599,0.9599109131403119,0.4613778705636743,0.24843423799582465,0.29018789144050106,0.8412903225806452,928
hi,all test,oracle,0.8,0.9445765585296262,0.9740545983013412,0.8002915451895044,0.008908685968819599,0.977728285077951,0.38894907908992415,0.3206933911159263,0.2903575297941495,0.726775956284153,1372
hi,seen only,oracle,0.8,0.9445765585296262,0.9740545983013412,0.77491601343785,0.008908685968819599,0.977728285077951,0.3108108108108108,0.25,0.4391891891891892,0.8338150289017341,893
hi,llama only,oracle,0.8,0.9445765585296262,0.9740545983013412,0.9148706896551724,0.008908685968819599,0.977728285077951,0.4613778705636743,0.3862212943632568,0.1524008350730689,0.7773851590106007,928
hi,all test,train,0.8,0.9568321527867178,0.9740545983013412,0.8287172011661808,0.008908685968819599,0.9799554565701559,0.38894907908992415,0.361863488624052,0.24918743228602383,0.702726473175022,1372
hi,seen only,train,0.8,0.9568321527867178,0.9740545983013412,0.8006718924972005,0.008908685968819599,0.9799554565701559,0.3108108108108108,0.29954954954954954,0.38963963963963966,0.8083916083916084,893
hi,llama only,train,0.8,0.9568321527867178,0.9740545983013412,0.9331896551724138,0.008908685968819599,0.9799554565701559,0.4613778705636743,0.4196242171189979,0.11899791231732777,0.7632794457274826,928
hi,all test,oracle,0.9,0.968336070026672,0.9740545983013412,0.9001457725947521,0.008908685968819599,0.9866369710467706,0.38894907908992415,0.4647887323943662,0.14626218851570963,0.6493927125506073,1372
hi,seen only,oracle,0.9,0.968336070026672,0.9740545983013412,0.8812989921612542,0.008908685968819599,0.9866369710467706,0.3108108108108108,0.45495495495495497,0.23423423423423423,0.7382465057179162,893
hi,llama only,oracle,0.9,0.968336070026672,0.9740545983013412,0.9644396551724138,0.008908685968819599,0.9866369710467706,0.4613778705636743,0.47390396659707723,0.06471816283924843,0.7418994413407821,928
hi,all test,train,0.9,0.96876536771687,0.9740545983013412,0.9059766763848397,0.008908685968819599,0.9866369710467706,0.38894907908992415,0.4734561213434453,0.13759479956663057,0.6452131938857603,1372
hi,seen only,train,0.9,0.96876536771687,0.9740545983013412,0.8880179171332587,0.008908685968819599,0.9866369710467706,0.3108108108108108,0.46846846846846846,0.22072072072072071,0.7326607818411097,893
hi,llama only,train,0.9,0.96876536771687,0.9740545983013412,0.9665948275862069,0.008908685968819599,0.9866369710467706,0.4613778705636743,0.4780793319415449,0.060542797494780795,0.7402452619843924,928
te,all test,shipped (cal median),-,0.0050346592595289,0.9834538719184884,0.37138263665594856,0.007556675062972292,0.4760705289672544,0.16,0.013333333333333334,0.8266666666666667,0.974025974025974,622
te,all test,oracle,0.7,0.3789055838539485,0.9834538719184884,0.7009646302250804,0.007556675062972292,0.947103274559194,0.16,0.09333333333333334,0.7466666666666667,0.944954128440367,622
te,all test,train,0.7,0.3077280225402089,0.9834538719184884,0.6961414790996785,0.007556675062972292,0.9420654911838791,0.16,0.08888888888888889,0.7511111111111111,0.9468822170900693,622
te,all test,oracle,0.8,0.9647023997752965,0.9834538719184884,0.8006430868167203,0.007556675062972292,0.9848866498740554,0.16,0.3022222222222222,0.5377777777777778,0.857429718875502,622
te,all test,train,0.8,0.9484926851607856,0.9834538719184884,0.7781350482315113,0.007556675062972292,0.9798488664987406,0.16,0.24888888888888888,0.5911111111111111,0.878099173553719,622
te,all test,oracle,0.9,0.976410465215462,0.9834538719184884,0.9003215434083601,0.007556675062972292,0.9874055415617129,0.16,0.5733333333333334,0.26666666666666666,0.7642857142857142,622
te,all test,train,0.9,0.9757698135519115,0.9834538719184884,0.8906752411575563,0.007556675062972292,0.9874055415617129,0.16,0.5466666666666666,0.29333333333333333,0.7725631768953068,622
cm,all test,shipped (cal median),-,0.1327127279912081,0.8706897778284561,0.6887816646562123,0.008375209380234505,0.7889447236180904,0.3146551724137931,0.09482758620689655,0.5905172413793104,0.9527145359019265,829
cm,all test,oracle,0.7,0.1439609769112255,0.8706897778284561,0.7008443908323281,0.008375209380234505,0.8023450586264657,0.3146551724137931,0.10344827586206896,0.5818965517241379,0.9500860585197934,829
cm,all test,train,0.7,0.08405528236310815,0.8706897778284561,0.6586248492159228,0.008375209380234505,0.7554438860971524,0.3146551724137931,0.07327586206896551,0.6120689655172413,0.9597069597069597,829
cm,all test,oracle,0.8,0.4526018961653509,0.8706897778284561,0.8009650180940893,0.008375209380234505,0.897822445561139,0.3146551724137931,0.21551724137931033,0.4698275862068966,0.9171686746987951,829
cm,all test,train,0.8,0.45274436508077426,0.8706897778284561,0.8021712907117008,0.008375209380234505,0.897822445561139,0.3146551724137931,0.21982758620689655,0.46551724137931033,0.9157894736842105,829
cm,all test,oracle,0.9,0.7804603565130865,0.8706897778284561,0.9010856453558505,0.008375209380234505,0.949748743718593,0.3146551724137931,0.4396551724137931,0.24568965517241378,0.856760374832664,829
cm,all test,train,0.9,0.7630978332842079,0.8706897778284561,0.8926417370325693,0.008375209380234505,0.9463986599664992,0.3146551724137931,0.41810344827586204,0.2672413793103448,0.8621621621621621,829
