bucket,coverage,risk
en,0.0006697923643670462,0.0
en,0.0053583389149363695,0.0
en,0.010046885465505693,0.0
en,0.015405224380442064,0.0
en,0.020093770931011386,0.0
en,0.025452109845947757,0.0
en,0.03014065639651708,0.0
en,0.03549899531145345,0.0
en,0.04018754186202277,0.0
en,0.04554588077695914,0.0
en,0.05023442732752847,0.0
en,0.055592766242464835,0.0
en,0.06028131279303416,0.0
en,0.06563965170797052,0.0
en,0.07032819825853985,0.0
en,0.07568653717347622,0.0
en,0.08037508372404555,0.0
en,0.08573342263898191,0.0
en,0.09042196918955124,0.0
en,0.09578030810448761,0.0
en,0.10046885465505694,0.0
en,0.1058271935699933,0.0
en,0.11051574012056263,0.0
en,0.115874079035499,0.0
en,0.12056262558606833,0.0
en,0.12592096450100468,0.0
en,0.130609511051574,0.0
en,0.13596784996651037,0.0
en,0.1406563965170797,0.0
en,0.14601473543201607,0.0
en,0.1507032819825854,0.0
en,0.15606162089752176,0.0
en,0.1607501674480911,0.0
en,0.16610850636302746,0.0
en,0.1707970529135968,0.0
en,0.17615539182853315,0.0
en,0.18084393837910248,0.0
en,0.18620227729403885,0.0
en,0.19089082384460818,0.0
en,0.19624916275954454,0.0
en,0.20093770931011387,0.0
en,0.20629604822505024,0.0
en,0.21098459477561957,0.0
en,0.21634293369055593,0.0
en,0.22103148024112526,0.0
en,0.22638981915606163,0.0
en,0.23107836570663096,0.0
en,0.23643670462156732,0.0
en,0.24112525117213665,0.0
en,0.24648359008707302,0.0
en,0.2511721366376423,0.0
en,0.2565304755525787,0.0
en,0.261219022103148,0.0
en,0.2665773610180844,0.0
en,0.2712659075686537,0.0
en,0.2766242464835901,0.0
en,0.2813127930341594,0.0
en,0.28667113194909577,0.0
en,0.2913596784996651,0.0
en,0.29671801741460146,0.0
en,0.3014065639651708,0.0
en,0.30676490288010716,0.0
en,0.3114534494306765,0.0
en,0.31681178834561285,0.0
en,0.3215003348961822,0.0
en,0.32685867381111855,0.0
en,0.3315472203616879,0.0
en,0.33690555927662424,0.0
en,0.3415941058271936,0.0
en,0.34695244474212994,0.0
en,0.35164099129269927,0.0
en,0.35699933020763563,0.0
en,0.36168787675820496,0.0
en,0.36704621567314133,0.0
en,0.37173476222371066,0.0
en,0.377093101138647,0.0
en,0.38178164768921635,0.0
en,0.3871399866041527,0.0
en,0.39182853315472205,0.0
en,0.3971868720696584,0.0
en,0.40187541862022774,0.0016666666666667052
en,0.4072337575351641,0.00164473684210531
en,0.41192230408573344,0.001626016260162566
en,0.4172806430006698,0.0016051364365970988
en,0.42196918955123913,0.0015873015873015817
en,0.4273275284661755,0.0015673981191222097
en,0.4320160750167448,0.0015503875968991832
en,0.4373744139316812,0.0015313935681470214
en,0.4420629604822505,0.0015151515151514694
en,0.4474212993971869,0.0014970059880239361
en,0.4521098459477562,0.001481481481481528
en,0.4574681848626926,0.0014641288433382416
en,0.4621567314132619,0.0014492753623188692
en,0.4675150703281983,0.0014326647564469885
en,0.4722036168787676,0.0014184397163120588
en,0.477561955793704,0.0014025245441795509
en,0.4822505023442733,0.001388888888888884
en,0.48760884125920967,0.0013736263736263687
en,0.49229738780977894,0.0013605442176870541
en,0.49765572672471536,0.0013458950201884479
en,0.5023442732752846,0.0013333333333332975
en,0.5077026121902211,0.0013192612137202797
en,0.5123911587407903,0.0013071895424836555
en,0.5177494976557268,0.001293661060802087
en,0.522438044206296,0.0012820512820512775
en,0.5277963831212324,0.0012690355329949554
en,0.5324849296718017,0.0012578616352201255
en,0.5378432685867381,0.001245330012453305
en,0.5425318151373074,0.0012345679012345512
en,0.5478901540522438,0.0012224938875305957
en,0.5525787006028131,0.00121212121212122
en,0.5579370395177495,0.0024009603841537164
en,0.5626255860683188,0.0035714285714285587
en,0.5679839249832552,0.003537735849056589
en,0.5726724715338245,0.0035087719298245723
en,0.5780308104487609,0.0034762456546929554
en,0.5827193569993302,0.0034482758620689724
en,0.5880776959142666,0.004555808656036442
en,0.5927662424648359,0.005649717514124242
en,0.5981245813797723,0.005599104143337086
en,0.6028131279303416,0.005555555555555536
en,0.608171466845278,0.005506607929515406
en,0.6128600133958473,0.005464480874316946
en,0.6182183523107837,0.00650054171180936
en,0.622906898861353,0.006451612903225823
en,0.6282652377762894,0.007462686567164201
en,0.6329537843268587,0.007407407407407418
en,0.6383121232417951,0.007345225603357819
en,0.6430006697923644,0.007291666666666696
en,0.6483590087073008,0.00723140495867769
en,0.6530475552578701,0.007179487179487132
en,0.6584058941728065,0.007121057985757906
en,0.6630944407233758,0.007070707070707116
en,0.6684527796383122,0.007014028056112176
en,0.6731413261888815,0.006965174129353269
en,0.6784996651038178,0.00691016781836129
en,0.6831882116543871,0.006862745098039191
en,0.6885465505693235,0.0077821011673151474
en,0.6932350971198928,0.008695652173912993
en,0.6985934360348292,0.00862895493767979
en,0.7032819825853985,0.008571428571428563
en,0.7086403215003348,0.008506616257088817
en,0.7133288680509042,0.008450704225352101
en,0.7186872069658405,0.008387698042870428
en,0.7233757535164099,0.008333333333333304
en,0.7287340924313462,0.009191176470588203
en,0.7334226389819156,0.0091324200913242
en,0.7387809778968519,0.00906618313689933
en,0.7434695244474213,0.009009009009009028
en,0.7488278633623576,0.008944543828264706
en,0.753516409912927,0.008888888888888835
en,0.7588747488278633,0.008826125330979706
en,0.7635632953784327,0.00877192982456143
en,0.768921634293369,0.009581881533101022
en,0.7736101808439384,0.00952380952380949
en,0.7789685197588747,0.009458297506448887
en,0.7836570663094441,0.009401709401709368
en,0.7890154052243804,0.009337860780984752
en,0.7937039517749498,0.009282700421940904
en,0.7990622906898861,0.009220452640402388
en,0.8037508372404555,0.009166666666666656
en,0.8091091761553918,0.009105960264900625
en,0.8137977227059612,0.009053497942386857
en,0.8191560616208975,0.008994276369582943
en,0.8238446081714669,0.00894308943089428
en,0.8292029470864032,0.008885298869143798
en,0.8338914936369726,0.008835341365461824
en,0.8392498325519089,0.00877893056664003
en,0.8439383791024783,0.0087301587301587
en,0.8492967180174146,0.008675078864353258
en,0.853985264567984,0.010196078431372602
en,0.8593436034829203,0.010132501948558081
en,0.8640321500334897,0.010852713178294615
en,0.869390488948426,0.01078582434514641
en,0.8740790354989953,0.011494252873563204
en,0.8794373744139317,0.011424219345011477
en,0.884125920964501,0.011363636363636354
en,0.8894842598794374,0.012801204819277157
en,0.8941728064300067,0.014232209737827684
en,0.899531145344943,0.015636634400595706
en,0.9042196918955124,0.016296296296296253
en,0.9095780308104487,0.0176730486008837
en,0.9142665773610181,0.01904761904761909
en,0.9196249162759544,0.01893663510560817
en,0.9243134628265238,0.021739130434782594
en,0.9296718017414601,0.02377521613832856
en,0.9343603482920295,0.024372759856630788
en,0.9397186872069658,0.02565930149679263
en,0.9444072337575352,0.02765957446808509
en,0.9497655726724715,0.02961918194640334
en,0.9544541192230409,0.03157894736842104
en,0.9598124581379772,0.033496161898115884
en,0.9645010046885466,0.03472222222222221
en,0.9698593436034829,0.037292817679558055
en,0.9745478901540523,0.03986254295532643
en,0.9799062290689886,0.041695146958304896
en,0.9845947756195579,0.0435374149659864
en,0.9899531145344943,0.044654939106901215
en,0.9946416610850636,0.04646464646464643
en,1.0,0.0488948425987944
hi,0.0007288629737609329,0.0
hi,0.00510204081632653,0.1428571428571429
hi,0.01020408163265306,0.0714285714285714
hi,0.015306122448979591,0.04761904761904767
hi,0.02040816326530612,0.0357142857142857
hi,0.025510204081632654,0.02857142857142858
hi,0.030612244897959183,0.023809523809523836
hi,0.03571428571428571,0.020408163265306145
hi,0.04081632653061224,0.017857142857142905
hi,0.04591836734693878,0.015873015873015928
hi,0.05029154518950437,0.02898550724637683
hi,0.05539358600583091,0.02631578947368418
hi,0.060495626822157436,0.02409638554216864
hi,0.06559766763848396,0.022222222222222254
hi,0.0706997084548105,0.020618556701030966
hi,0.07580174927113703,0.019230769230769273
hi,0.08090379008746355,0.018018018018018056
hi,0.08600583090379009,0.025423728813559365
hi,0.09110787172011661,0.02400000000000002
hi,0.09548104956268222,0.022900763358778664
hi,0.10058309037900874,0.021739130434782594
hi,0.10568513119533528,0.020689655172413834
hi,0.11078717201166181,0.019736842105263164
hi,0.11588921282798834,0.018867924528301883
hi,0.12099125364431487,0.01807228915662651
hi,0.1260932944606414,0.017341040462427793
hi,0.13119533527696792,0.01666666666666672
hi,0.13629737609329445,0.016042780748663055
hi,0.14067055393586006,0.015544041450777257
hi,0.1457725947521866,0.015000000000000013
hi,0.15087463556851313,0.01449275362318836
hi,0.15597667638483964,0.014018691588784993
hi,0.16107871720116618,0.013574660633484115
hi,0.1661807580174927,0.013157894736842146
hi,0.17128279883381925,0.012765957446808529
hi,0.17638483965014579,0.012396694214875992
hi,0.1814868804664723,0.012048192771084376
hi,0.1858600583090379,0.0117647058823529
hi,0.19096209912536444,0.011450381679389277
hi,0.19606413994169097,0.01115241635687736
hi,0.20116618075801748,0.010869565217391353
hi,0.20626822157434402,0.010600706713780883
hi,0.21137026239067055,0.010344827586206917
hi,0.2164723032069971,0.010101010101010055
hi,0.22157434402332363,0.009868421052631526
hi,0.22667638483965014,0.009646302250803873
hi,0.23104956268221574,0.009463722397476393
hi,0.23615160349854228,0.0092592592592593
hi,0.24125364431486881,0.012084592145015116
hi,0.24635568513119532,0.011834319526627168
hi,0.25145772594752186,0.011594202898550732
hi,0.2565597667638484,0.011363636363636354
hi,0.26166180758017493,0.013927576601671321
hi,0.26676384839650147,0.013661202185792365
hi,0.271865889212828,0.01608579088471851
hi,0.2762390670553936,0.0158311345646438
hi,0.2813411078717201,0.015544041450777257
hi,0.28644314868804666,0.01526717557251911
hi,0.2915451895043732,0.015000000000000013
hi,0.29664723032069973,0.014742014742014753
hi,0.30174927113702626,0.01449275362318836
hi,0.30685131195335275,0.014251781472684133
hi,0.3119533527696793,0.014018691588784993
hi,0.3170553935860058,0.016091954022988464
hi,0.32142857142857145,0.015873015873015928
hi,0.32653061224489793,0.015625
hi,0.33163265306122447,0.01538461538461533
hi,0.336734693877551,0.015151515151515138
hi,0.34183673469387754,0.017057569296375252
hi,0.3469387755102041,0.018907563025210128
hi,0.3520408163265306,0.018633540372670843
hi,0.35714285714285715,0.01836734693877551
hi,0.3622448979591837,0.01810865191146882
hi,0.36661807580174927,0.017892644135188873
hi,0.3717201166180758,0.019607843137254943
hi,0.37682215743440234,0.01934235976789167
hi,0.3819241982507289,0.020992366412213692
hi,0.3870262390670554,0.020715630885122405
hi,0.39212827988338195,0.022304832713754608
hi,0.39723032069970843,0.023853211009174258
hi,0.40233236151603496,0.025362318840579712
hi,0.4074344023323615,0.025044722719141377
hi,0.41180758017492713,0.024778761061946875
hi,0.41690962099125367,0.02447552447552448
hi,0.42201166180758015,0.024179620034542326
hi,0.4271137026239067,0.023890784982935176
hi,0.4322157434402332,0.02360876897133224
hi,0.43731778425655976,0.023333333333333317
hi,0.4424198250728863,0.023064250411861664
hi,0.44752186588921283,0.0228013029315961
hi,0.45262390670553937,0.025764895330112725
hi,0.45699708454810495,0.02551834130781494
hi,0.4620991253644315,0.02681388012618302
hi,0.467201166180758,0.026521060842433664
hi,0.47230320699708456,0.026234567901234573
hi,0.4774052478134111,0.025954198473282397
hi,0.48250728862973763,0.025679758308157052
hi,0.48760932944606417,0.025411061285500747
hi,0.49271137026239065,0.025147928994082802
hi,0.4978134110787172,0.024890190336749662
hi,0.5021865889212828,0.027576197387518153
hi,0.5072886297376094,0.027298850574712596
hi,0.5123906705539358,0.027027027027026973
hi,0.5174927113702624,0.026760563380281654
hi,0.5225947521865889,0.02649930264993028
hi,0.5276967930029155,0.027624309392265234
hi,0.532798833819242,0.028727770177838563
hi,0.5379008746355685,0.028455284552845517
hi,0.543002915451895,0.029530201342281903
hi,0.5473760932944607,0.030625832223701743
hi,0.5524781341107872,0.03034300791556732
hi,0.5575801749271136,0.03137254901960784
hi,0.5626822157434402,0.032383419689119175
hi,0.5677842565597667,0.03209242618741981
hi,0.5728862973760933,0.03180661577608146
hi,0.5779883381924198,0.032786885245901676
hi,0.5830903790087464,0.03249999999999997
hi,0.5881924198250729,0.03221809169764556
hi,0.5925655976676385,0.03321033210332103
hi,0.597667638483965,0.03292682926829271
hi,0.6027696793002916,0.03385731559854899
hi,0.607871720116618,0.033573141486810565
hi,0.6129737609329446,0.03329369797859694
hi,0.6180758017492711,0.03301886792452835
hi,0.6231778425655977,0.03508771929824561
hi,0.6282798833819242,0.03480278422273786
hi,0.6333819241982507,0.03452243958573076
hi,0.6377551020408163,0.03428571428571425
hi,0.6428571428571429,0.03401360544217691
hi,0.6479591836734694,0.03487064116985372
hi,0.6530612244897959,0.0345982142857143
hi,0.6581632653061225,0.03543743078626804
hi,0.6632653061224489,0.03736263736263734
hi,0.6683673469387755,0.03816793893129766
hi,0.673469387755102,0.038961038961038974
hi,0.6785714285714286,0.039742212674543476
hi,0.6829446064139941,0.039487726787620026
hi,0.6880466472303207,0.0402542372881356
hi,0.6931486880466472,0.04100946372239744
hi,0.6982507288629738,0.04175365344467641
hi,0.7033527696793003,0.04455958549222794
hi,0.7084548104956269,0.044238683127572065
hi,0.7135568513119533,0.04392236976506636
hi,0.7186588921282799,0.04361054766734285
hi,0.7237609329446064,0.04431017119838876
hi,0.728134110787172,0.04404404404404405
hi,0.7332361516034985,0.0437375745526839
hi,0.7383381924198251,0.0444225074037512
hi,0.7434402332361516,0.045098039215686225
hi,0.7485422740524781,0.046738072054527735
hi,0.7536443148688047,0.047388781431334626
hi,0.7587463556851312,0.05283381364073003
hi,0.7638483965014577,0.05343511450381677
hi,0.7689504373177842,0.05497630331753556
hi,0.7733236151603499,0.055607917059377954
hi,0.7784256559766763,0.0561797752808989
hi,0.7835276967930029,0.05953488372093019
hi,0.7886297376093294,0.060073937153419577
hi,0.793731778425656,0.06152433425160697
hi,0.7988338192419825,0.06295620437956206
hi,0.8039358600583091,0.06436990027198553
hi,0.8090379008746356,0.06396396396396398
hi,0.8141399416909622,0.0644583706356312
hi,0.8185131195335277,0.06500445235975072
hi,0.8236151603498543,0.06548672566371683
hi,0.8287172011661808,0.06772207563764288
hi,0.8338192419825073,0.06818181818181823
hi,0.8389212827988338,0.06863596872284972
hi,0.8440233236151603,0.06994818652849744
hi,0.8491253644314869,0.07124463519313307
hi,0.8542274052478134,0.07337883959044367
hi,0.85932944606414,0.07379134860050895
hi,0.8637026239067055,0.0751054852320675
hi,0.8688046647230321,0.07718120805369133
hi,0.8739067055393586,0.07756463719766471
hi,0.8790087463556852,0.07794361525704807
hi,0.8841107871720116,0.07914262159934049
hi,0.8892128279883382,0.08114754098360655
hi,0.8943148688046647,0.08149959250203753
hi,0.8994169096209913,0.08265802269043765
hi,0.9045189504373178,0.08380338436744561
hi,0.9088921282798834,0.08340016038492382
hi,0.9139941690962099,0.08532695374800636
hi,0.9190962099125365,0.08485329103885808
hi,0.924198250728863,0.08911671924290221
hi,0.9293002915451894,0.09098039215686271
hi,0.934402332361516,0.09204368174726985
hi,0.9395043731778425,0.0946470131885182
hi,0.9446064139941691,0.09799382716049387
hi,0.9497084548104956,0.09823484267075977
hi,0.9540816326530612,0.09854851031321621
hi,0.9591836734693877,0.10030395136778114
hi,0.9642857142857143,0.10052910052910058
hi,0.9693877551020408,0.10225563909774438
hi,0.9744897959183674,0.10396409872849666
hi,0.9795918367346939,0.10565476190476186
hi,0.9846938775510204,0.1073279052553664
hi,0.9897959183673469,0.10898379970544914
hi,0.9948979591836735,0.1113553113553114
hi,1.0,0.1151603498542274
te,0.001607717041800643,0.0
te,0.006430868167202572,0.25
te,0.011254019292604502,0.1428571428571429
te,0.01607717041800643,0.09999999999999998
te,0.02090032154340836,0.07692307692307687
te,0.02572347266881029,0.0625
te,0.03054662379421222,0.10526315789473684
te,0.03536977491961415,0.09090909090909094
te,0.04019292604501608,0.07999999999999996
te,0.04662379421221865,0.06896551724137934
te,0.05144694533762058,0.0625
te,0.05627009646302251,0.05714285714285716
te,0.06109324758842444,0.052631578947368474
te,0.06591639871382636,0.04878048780487809
te,0.0707395498392283,0.045454545454545414
te,0.07556270096463022,0.04255319148936165
te,0.08038585209003216,0.040000000000000036
te,0.08681672025723473,0.03703703703703709
te,0.09163987138263666,0.03508771929824561
te,0.09646302250803858,0.033333333333333326
te,0.10128617363344052,0.031746031746031744
te,0.10610932475884244,0.030303030303030276
te,0.11093247588424437,0.04347826086956519
te,0.1157556270096463,0.04166666666666663
te,0.12057877813504823,0.040000000000000036
te,0.1270096463022508,0.03797468354430378
te,0.13183279742765272,0.03658536585365857
te,0.13665594855305466,0.03529411764705881
te,0.1414790996784566,0.03409090909090906
te,0.14630225080385853,0.03296703296703296
te,0.15112540192926044,0.03191489361702127
te,0.15594855305466238,0.030927835051546393
te,0.1607717041800643,0.030000000000000027
te,0.16559485530546625,0.029126213592232997
te,0.1720257234726688,0.028037383177570097
te,0.17684887459807075,0.027272727272727226
te,0.18167202572347266,0.026548672566371723
te,0.1864951768488746,0.025862068965517238
te,0.19131832797427653,0.025210084033613467
te,0.19614147909967847,0.024590163934426257
te,0.20096463022508038,0.02400000000000002
te,0.2057877813504823,0.0234375
te,0.21221864951768488,0.022727272727272707
te,0.2170418006430868,0.022222222222222254
te,0.22186495176848875,0.021739130434782594
te,0.2266881028938907,0.021276595744680882
te,0.2315112540192926,0.02083333333333337
te,0.23633440514469453,0.020408163265306145
te,0.24115755627009647,0.020000000000000018
te,0.2459807073954984,0.019607843137254943
te,0.25241157556270094,0.019108280254777066
te,0.2572347266881029,0.018750000000000044
te,0.2620578778135048,0.018404907975460127
te,0.26688102893890675,0.01807228915662651
te,0.2717041800643087,0.017751479289940808
te,0.2765273311897106,0.01744186046511631
te,0.28135048231511256,0.017142857142857126
te,0.2861736334405145,0.016853932584269704
te,0.2909967845659164,0.016574585635359074
te,0.297427652733119,0.01621621621621616
te,0.3022508038585209,0.015957446808510634
te,0.3070739549839228,0.015706806282722474
te,0.31189710610932475,0.015463917525773141
te,0.3167202572347267,0.015228426395939132
te,0.3215434083601286,0.020000000000000018
te,0.32636655948553056,0.019704433497536922
te,0.3311897106109325,0.01941747572815533
te,0.33762057877813506,0.01904761904761909
te,0.342443729903537,0.018779342723004744
te,0.34726688102893893,0.01851851851851849
te,0.3520900321543408,0.0182648401826484
te,0.35691318327974275,0.018018018018018056
te,0.3617363344051447,0.01777777777777778
te,0.3665594855305466,0.01754385964912286
te,0.37138263665594856,0.017316017316017285
te,0.3778135048231511,0.017021276595744705
te,0.38263665594855306,0.01680672268907568
te,0.387459807073955,0.016597510373444035
te,0.39228295819935693,0.016393442622950838
te,0.3971061093247588,0.01619433198380571
te,0.40192926045016075,0.016000000000000014
te,0.4067524115755627,0.015810276679841917
te,0.4115755627009646,0.015625
te,0.4180064308681672,0.01538461538461533
te,0.4228295819935691,0.01520912547528519
te,0.42765273311897106,0.015037593984962405
te,0.432475884244373,0.014869888475836479
te,0.43729903536977494,0.014705882352941124
te,0.44212218649517687,0.014545454545454528
te,0.44694533762057875,0.014388489208633115
te,0.4517684887459807,0.014234875444839812
te,0.4565916398713826,0.017605633802816878
te,0.4630225080385852,0.01736111111111116
te,0.4678456591639871,0.01718213058419249
te,0.47266881028938906,0.017006802721088454
te,0.477491961414791,0.02020202020202022
te,0.48231511254019294,0.023333333333333317
te,0.4871382636655949,0.02310231023102305
te,0.4919614147909968,0.022875816993464082
te,0.4967845659163987,0.02265372168284785
te,0.5032154340836013,0.028753993610223683
te,0.5080385852090032,0.02848101265822789
te,0.5128617363344051,0.028213166144200663
te,0.5176848874598071,0.02795031055900621
te,0.522508038585209,0.03076923076923077
te,0.5273311897106109,0.030487804878048808
te,0.5321543408360129,0.030211480362537735
te,0.5369774919614148,0.029940119760479056
te,0.5434083601286174,0.029585798816568087
te,0.5482315112540193,0.029325513196480912
te,0.5530546623794212,0.029069767441860517
te,0.5578778135048231,0.03170028818443804
te,0.5627009646302251,0.03142857142857147
te,0.567524115755627,0.031161473087818692
te,0.572347266881029,0.030898876404494402
te,0.5771704180064309,0.03064066852367686
te,0.5819935691318328,0.03038674033149169
te,0.5884244372990354,0.030054644808743203
te,0.5932475884244373,0.02981029810298108
te,0.5980707395498392,0.032258064516129004
te,0.6028938906752411,0.03200000000000003
te,0.6077170418006431,0.031746031746031744
te,0.612540192926045,0.03149606299212604
te,0.617363344051447,0.03125
te,0.6221864951768489,0.03100775193798455
te,0.6286173633440515,0.03069053708439895
te,0.6334405144694534,0.032994923857868064
te,0.6382636655948553,0.032745591939546626
te,0.6430868167202572,0.03249999999999997
te,0.6479099678456591,0.032258064516129004
te,0.6527331189710611,0.03201970443349755
te,0.657556270096463,0.0317848410757946
te,0.662379421221865,0.03155339805825241
te,0.6688102893890675,0.03125
te,0.6736334405144695,0.031026252983293534
te,0.6784565916398714,0.03080568720379151
te,0.6832797427652733,0.030588235294117694
te,0.6881028938906752,0.030373831775700966
te,0.6929260450160771,0.030162412993039456
te,0.6977491961414791,0.02995391705069128
te,0.702572347266881,0.029748283752860427
te,0.7090032154340836,0.02947845804988658
te,0.7138263665594855,0.03153153153153154
te,0.7186495176848875,0.031319910514541416
te,0.7234726688102894,0.03111111111111109
te,0.7282958199356914,0.030905077262693204
te,0.7331189710610932,0.030701754385964897
te,0.7379421221864951,0.030501089324618702
te,0.7427652733118971,0.030303030303030276
te,0.747588424437299,0.03010752688172047
te,0.7540192926045016,0.02985074626865669
te,0.7588424437299035,0.029661016949152574
te,0.7636655948553055,0.02947368421052632
te,0.7684887459807074,0.029288702928870314
te,0.7733118971061094,0.029106029106029108
te,0.7781350482315113,0.02892561983471076
te,0.7829581993569131,0.028747433264887046
te,0.7877813504823151,0.02857142857142858
te,0.7942122186495176,0.028340080971659964
te,0.7990353697749196,0.028169014084507005
te,0.8038585209003215,0.028000000000000025
te,0.8086816720257235,0.027833001988071593
te,0.8135048231511254,0.02766798418972327
te,0.8183279742765274,0.027504911591355596
te,0.8231511254019293,0.029296875
te,0.8279742765273312,0.031067961165048508
te,0.8344051446945338,0.032755298651252374
te,0.8392282958199357,0.03256704980842917
te,0.8440514469453376,0.0323809523809524
te,0.8488745980707395,0.03409090909090906
te,0.8536977491961415,0.03389830508474578
te,0.8585209003215434,0.0337078651685393
te,0.8633440514469454,0.035381750465549366
te,0.8681672025723473,0.03703703703703709
te,0.8729903536977492,0.036832412523020275
te,0.8794212218649518,0.03656307129798908
te,0.8842443729903537,0.036363636363636376
te,0.8890675241157556,0.03616636528028938
te,0.8938906752411575,0.03597122302158273
te,0.8987138263665595,0.035778175313059046
te,0.9035369774919614,0.03736654804270467
te,0.9083601286173634,0.03716814159292037
te,0.9131832797427653,0.0369718309859155
te,0.9196141479099679,0.04195804195804198
te,0.9244372990353698,0.04173913043478261
te,0.9292604501607717,0.04152249134948094
te,0.9340836012861736,0.04130808950086062
te,0.9389067524115756,0.044520547945205435
te,0.9437299035369775,0.04429301533219765
te,0.9485530546623794,0.0474576271186441
te,0.9533762057877814,0.050590219224283306
te,0.9598070739549839,0.05025125628140703
te,0.9646302250803859,0.05166666666666664
te,0.9694533762057878,0.051409618573797666
te,0.9742765273311897,0.054455445544554504
te,0.9790996784565916,0.05747126436781613
te,0.9839228295819936,0.05882352941176472
te,0.9887459807073955,0.06178861788617884
te,0.9935691318327974,0.06148867313915862
te,1.0,0.06591639871382637
cm,0.0012062726176115801,0.0
cm,0.006031363088057901,0.0
cm,0.010856453558504222,0.0
cm,0.015681544028950542,0.0
cm,0.020506634499396863,0.0
cm,0.025331724969843185,0.0
cm,0.030156815440289506,0.0
cm,0.03618817852834741,0.0
cm,0.04101326899879373,0.0
cm,0.045838359469240045,0.0
cm,0.05066344993968637,0.0
cm,0.05548854041013269,0.0
cm,0.06031363088057901,0.0
cm,0.06634499396863691,0.0
cm,0.07117008443908324,0.0
cm,0.07599517490952955,0.0
cm,0.08082026537997587,0.0
cm,0.0856453558504222,0.0
cm,0.09047044632086852,0.013333333333333308
cm,0.09650180940892641,0.012499999999999956
cm,0.10132689987937274,0.011904761904761862
cm,0.10615199034981906,0.011363636363636354
cm,0.11097708082026538,0.010869565217391353
cm,0.1158021712907117,0.01041666666666663
cm,0.12062726176115803,0.010000000000000009
cm,0.12665862484921592,0.00952380952380949
cm,0.13148371531966224,0.00917431192660545
cm,0.13630880579010857,0.008849557522123908
cm,0.1411338962605549,0.008547008547008517
cm,0.14595898673100122,0.008264462809917328
cm,0.15078407720144751,0.008000000000000007
cm,0.15560916767189384,0.007751937984496138
cm,0.16164053075995174,0.007462686567164201
cm,0.16646562123039807,0.007246376811594235
cm,0.1712907117008444,0.007042253521126751
cm,0.17611580217129072,0.006849315068493178
cm,0.18094089264173704,0.00666666666666671
cm,0.18576598311218334,0.00649350649350644
cm,0.19179734620024125,0.0062893081761006275
cm,0.19662243667068757,0.006134969325153339
cm,0.2014475271411339,0.005988023952095856
cm,0.20627261761158022,0.005847953216374324
cm,0.21109770808202655,0.005714285714285672
cm,0.21592279855247287,0.005586592178770999
cm,0.22195416164053075,0.005434782608695676
cm,0.22677925211097708,0.005319148936170248
cm,0.2316043425814234,0.00520833333333337
cm,0.23642943305186973,0.005102040816326481
cm,0.24125452352231605,0.0050000000000000044
cm,0.24607961399276237,0.004901960784313708
cm,0.25211097708082025,0.004784688995215336
cm,0.2569360675512666,0.0046948356807511304
cm,0.2617611580217129,0.004608294930875556
cm,0.26658624849215923,0.004524886877828038
cm,0.27141133896260555,0.004444444444444473
cm,0.2762364294330519,0.004366812227074246
cm,0.2822677925211098,0.004273504273504258
cm,0.2870928829915561,0.004201680672268893
cm,0.29191797346200243,0.004132231404958664
cm,0.29674306393244876,0.004065040650406471
cm,0.30156815440289503,0.0040000000000000036
cm,0.30639324487334135,0.003937007874015741
cm,0.3112183353437877,0.003875968992248069
cm,0.3172496984318456,0.0038022813688213253
cm,0.3220747889022919,0.0037453183520599342
cm,0.32689987937273823,0.0036900369003689537
cm,0.33172496984318456,0.0036363636363636598
cm,0.3365500603136309,0.0035842293906810374
cm,0.3413751507840772,0.0035335689045936647
cm,0.3474065138721351,0.00347222222222221
cm,0.35223160434258144,0.003424657534246589
cm,0.35705669481302776,0.0033783783783783994
cm,0.3618817852834741,0.0033333333333332993
cm,0.36670687575392036,0.003289473684210509
cm,0.3715319662243667,0.0032467532467532756
cm,0.3775633293124246,0.0031948881789137795
cm,0.3823884197828709,0.003154574132492094
cm,0.38721351025331724,0.0031152647975077885
cm,0.39203860072376356,0.003076923076923088
cm,0.3968636911942099,0.003039513677811523
cm,0.4016887816646562,0.0030030030030030463
cm,0.4077201447527141,0.00295857988165682
cm,0.41254523522316044,0.005847953216374324
cm,0.41737032569360677,0.005780346820809301
cm,0.4221954161640531,0.005714285714285672
cm,0.4270205066344994,0.005649717514124242
cm,0.43184559710494574,0.008379888268156388
cm,0.436670687575392,0.011049723756906049
cm,0.4427020506634499,0.010899182561307952
cm,0.44752714113389624,0.010781671159029615
cm,0.45235223160434257,0.010666666666666713
cm,0.4571773220747889,0.01055408970976257
cm,0.4620024125452352,0.01305483028720622
cm,0.46682750301568154,0.012919896640826822
cm,0.47285886610373945,0.012755102040816313
cm,0.4776839565741858,0.012626262626262652
cm,0.4825090470446321,0.012499999999999956
cm,0.4873341375150784,0.014851485148514865
cm,0.49215922798552475,0.014705882352941124
cm,0.4969843184559711,0.014563106796116498
cm,0.503015681544029,0.016786570743405282
cm,0.5078407720144753,0.019002375296912066
cm,0.5126658624849216,0.02117647058823524
cm,0.517490952955368,0.023310023310023298
cm,0.5223160434258143,0.023094688221709014
cm,0.5271411338962606,0.02517162471395884
cm,0.5331724969843185,0.02714932126696834
cm,0.5379975874547648,0.029147982062780242
cm,0.5428226779252111,0.03111111111111109
cm,0.5476477683956574,0.033039647577092546
cm,0.5524728588661038,0.03493449781659386
cm,0.5572979493365501,0.03679653679653683
cm,0.5633293124246079,0.036402569593147804
cm,0.5681544028950543,0.03609341825902335
cm,0.5729794933655006,0.03578947368421048
cm,0.5778045838359469,0.0375782881002088
cm,0.5826296743063932,0.037267080745341574
cm,0.5874547647768396,0.03696098562628336
cm,0.5922798552472859,0.03869653767820769
cm,0.5983112183353438,0.03830645161290325
cm,0.6031363088057901,0.04200000000000004
cm,0.6079613992762364,0.04166666666666663
cm,0.6127864897466827,0.04133858267716539
cm,0.617611580217129,0.04296875
cm,0.6224366706875754,0.04263565891472865
cm,0.6284680337756333,0.04222648752399227
cm,0.6332931242460796,0.04190476190476189
cm,0.638118214716526,0.041587901701323204
cm,0.6429433051869723,0.0412757973733584
cm,0.6477683956574186,0.040968342644320255
cm,0.6525934861278649,0.0406654343807763
cm,0.6586248492159228,0.04029304029304026
cm,0.6634499396863691,0.041818181818181865
cm,0.6682750301568154,0.041516245487364656
cm,0.6731001206272618,0.043010752688172005
cm,0.6779252110977081,0.042704626334519546
cm,0.6827503015681544,0.044169611307420475
cm,0.6887816646562123,0.045534150612959734
cm,0.6936067551266586,0.04695652173913045
cm,0.6984318455971049,0.04835924006908465
cm,0.7032569360675512,0.04974271012006859
cm,0.7080820265379976,0.05281090289608181
cm,0.7129071170084439,0.05245346869712353
cm,0.7177322074788902,0.05378151260504205
cm,0.7237635705669482,0.05666666666666664
cm,0.7285886610373945,0.05794701986754969
cm,0.7334137515078407,0.06085526315789469
cm,0.738238841978287,0.06209150326797386
cm,0.7430639324487334,0.06331168831168832
cm,0.7478890229191797,0.06451612903225812
cm,0.7539203860072377,0.06399999999999995
cm,0.758745476477684,0.06677265500794916
cm,0.7635705669481303,0.06793048973143756
cm,0.7683956574185766,0.07064364207221352
cm,0.773220747889023,0.07176287051482055
cm,0.7780458383594693,0.07441860465116279
cm,0.7840772014475271,0.07538461538461538
cm,0.7889022919179735,0.07645259938837923
cm,0.7937273823884198,0.07598784194528874
cm,0.7985524728588661,0.07703927492447127
cm,0.8033775633293124,0.07957957957957962
cm,0.8082026537997588,0.07910447761194028
cm,0.8142340168878166,0.08296296296296302
cm,0.8190591073582629,0.08689248895434465
cm,0.8238841978287093,0.0907759882869692
cm,0.8287092882991556,0.09170305676855894
cm,0.8335343787696019,0.09117221418234445
cm,0.8383594692400482,0.09208633093525176
cm,0.8443908323281062,0.09285714285714286
cm,0.8492159227985525,0.09375
cm,0.8540410132689988,0.09463276836158196
cm,0.8588661037394452,0.0969101123595506
cm,0.8636911942098915,0.09636871508379885
cm,0.8685162846803377,0.09722222222222221
cm,0.873341375150784,0.09806629834254144
cm,0.879372738238842,0.10150891632373116
cm,0.8841978287092883,0.10231923601637105
cm,0.8890229191797346,0.10176390773405697
cm,0.893848009650181,0.10256410256410253
cm,0.8986731001206273,0.1033557046979866
cm,0.9034981905910736,0.10280373831775702
cm,0.9095295536791315,0.1061007957559682
cm,0.9143546441495778,0.10817941952506593
cm,0.9191797346200241,0.10892388451443569
cm,0.9240048250904704,0.10835509138381205
cm,0.9288299155609168,0.10909090909090913
cm,0.9336550060313631,0.10981912144702843
cm,0.9396863691194209,0.11039794608472397
cm,0.9445114595898673,0.10983397190293742
cm,0.9493365500603136,0.1118170266836086
cm,0.9541616405307599,0.11125158027812898
cm,0.9589867310012062,0.11572327044025155
cm,0.9638118214716526,0.11889862327909884
cm,0.9698431845597105,0.12064676616915426
cm,0.9746682750301568,0.12252475247524752
cm,0.9794933655006032,0.12438423645320196
cm,0.9843184559710495,0.12745098039215685
cm,0.9891435464414958,0.12804878048780488
cm,0.9939686369119421,0.1310679611650486
cm,1.0,0.13268998793727382
