bucket,method,n_human,n_machine,auroc,auroc_seen,auroc_heldout,f1,f1_threshold
en,ppl,402,1091,0.9014483038519593,0.9014483038519593,,0.9230111206159111,-2.9200415996820865
en,binoculars,402,1091,0.8401051570743898,0.8401051570743898,,0.8732638888888888,-0.04710934871370543
en,fastdetectgpt_en,402,1091,0.8218349134255396,0.8218349134255396,,0.8691834942932397,-0.5729208382022175
en,headA,402,1091,0.9861029408411653,0.9861029408411653,,0.9652294853963839,0.3574147822408171
en,headB,402,1091,0.8996721251670154,0.8996721251670154,,0.9011576135351737,-0.5845963058870763
en,headB_word,402,1091,0.8858662690215285,0.8858662690215285,,0.8888888888888888,-0.5538542272109811
en,headC,402,1091,0.9996534285492792,0.9996534285492792,,0.9688090737240076,0.9643235010508725
en,fused (A+B),402,1091,0.9887523883789119,0.9887523883789119,,0.9661880500231589,0.4353521971600285
hi,ppl,449,923,0.8382779114295159,0.7858955837797709,0.8868327203574633,0.8458817584638706,-1.5096473681154514
hi,binoculars,449,923,0.8392841200018338,0.755427476474247,0.9170134513718726,0.8433487416538265,0.05084218728393787
hi,fastdetectgpt_en,449,923,0.8425440427385281,0.7519663315877125,0.9265033407572383,0.8334177215189873,-0.25322181663646054
hi,headA,449,923,0.9596672031503738,0.9734495074138726,0.9468919566096777,0.8966725043782837,0.5814965404625696
hi,headB,449,923,0.5689687206673311,0.33555047252151926,0.7853313556918413,0.8043572984749455,-12.321786714227786
hi,headB_word,449,923,0.5729187528804831,0.34877806537049294,0.780681728359472,0.8047079337401918,-26.847108324392668
hi,headC,449,923,0.9781095343691409,0.99668432352174,0.9608919845074417,0.8405253283302064,0.9594904583655955
hi,fused (A+B),449,923,0.9608254288451282,0.9687594052850178,0.9534711792849803,0.897196261682243,0.6564659379886283
te,ppl,397,225,0.8317940106353205,0.8317940106353205,,0.6528735632183909,-1.143094349510648
te,binoculars,397,225,0.6295326056535124,0.6295326056535124,,0.5512265512265512,-0.012307269936743177
te,fastdetectgpt_en,397,225,0.589275118947663,0.589275118947663,,0.5255474452554745,-2.3228268517464334
te,headA,397,225,0.9728967254408061,0.9728967254408061,,0.9119638826185101,0.5611172810052482
te,headB,397,225,0.23482787573467673,0.23482787573467673,,0.5312868949232585,-18.16619031657138
te,headB_word,397,225,0.22905121746431573,0.22905121746431573,,0.5290628706998813,-18.223745444065745
te,headC,397,225,0.9990372236216065,0.9990372236216065,,0.9289099526066351,0.9772992103457164
te,fused (A+B),397,225,0.9634144976210467,0.9634144976210467,,0.9099099099099099,0.48453116568586607
cm,ppl,597,232,0.7475596372667939,0.7475596372667939,,0.5437262357414449,-5.294721183023955
cm,binoculars,597,232,0.6684139086235775,0.6684139086235775,,0.47974068071312803,-0.25867680399804505
cm,fastdetectgpt_en,597,232,0.7143909201178307,0.7143909201178307,,0.48046875,-0.2437524889083468
cm,headA,597,232,0.927547218852885,0.927547218852885,,0.7649572649572649,0.6633907121508795
cm,headB,597,232,0.6471004447524982,0.6471004447524982,,0.4557377049180328,-0.5081043653653329
cm,headB_word,597,232,0.6249350199272223,0.6249350199272223,,0.45288753799392095,-0.823683343626465
cm,headC,597,232,0.9527594870906255,0.9527594870906255,,0.7581047381546134,0.9609644875689602
cm,fused (A+B),597,232,0.9283341997343038,0.9283341997343038,,0.7659574468085106,0.46101309621319075
