bucket,config,auroc,f1,fpr,coverage,accuracy
cm,A,0.927547218852885,0.7649572649572649,,1.0,
cm,B,0.6471004447524982,0.4557377049180328,,1.0,
cm,C,0.9527594870906255,0.7581047381546134,,1.0,
cm,A+B,0.9283341997343038,0.7649572649572649,,1.0,
cm,A+B+C,0.9583910933980246,0.8156182212581344,,1.0,
cm,+temperature,0.9283341997343038,0.7649572649572649,,1.0,
cm,+conformal,0.9283341997343038,0.6077348066298343,0.03350083752093802,1.0,0.8287092882991556
cm,+abstain,,,0.01050420168067227,0.6887816646562123,0.9527145359019265
en,A,0.9861029408411653,0.9652294853963839,,1.0,
en,B,0.8996721251670154,0.9011576135351737,,1.0,
en,C,0.9996534285492792,0.9688090737240076,,1.0,
en,A+B,0.9887523883789119,0.9661252900232019,,1.0,
en,A+B+C,0.9994619022212494,0.9949425287356322,,1.0,
en,+temperature,0.9887523883789119,0.9661252900232019,,1.0,
en,+conformal,0.9887523883789119,0.9626865671641791,0.05223880597014925,1.0,0.9464166108506363
en,+abstain,,,0.018433179723502304,0.7300736771600804,0.9944954128440368
hi,A,0.9596672031503738,0.8966725043782837,,1.0,
hi,B,0.5689687206673311,0.8043572984749455,,1.0,
hi,C,0.9781095343691409,0.8405253283302064,,1.0,
hi,A+B,0.9608254288451282,0.9092996555683123,,1.0,
hi,A+B+C,0.9827689798203302,0.9228110599078341,,1.0,
hi,+temperature,0.9608254288451282,0.9092996555683123,,1.0,
hi,+conformal,0.9608254288451282,0.8873156342182891,0.044543429844097995,1.0,0.8607871720116618
hi,+abstain,,,0.016194331983805668,0.4467930029154519,0.9820554649265906
te,A,0.9728967254408061,0.9119638826185101,,1.0,
te,B,0.23482787573467673,0.5312868949232585,,1.0,
te,C,0.9990372236216065,0.9289099526066351,,1.0,
te,A+B,0.9634144976210467,0.90744920993228,,1.0,
te,A+B+C,0.9988133221382591,0.9799554565701559,,1.0,
te,+temperature,0.9634144976210467,0.90744920993228,,1.0,
te,+conformal,0.9634144976210467,0.90625,0.05037783375314862,1.0,0.932475884244373
te,+abstain,,,0.015625,0.37138263665594856,0.974025974025974
