alpha,bucket,group,n_human,fpr_per_bucket_tau,fpr_global_tau,tau_per_bucket,tau_global,median_length_words,matched_median_length_words
0.01,en,all,402.0,0.009950248756218905,0.01990049751243781,0.9950219201613736,0.9757045016572846,,
0.01,hi,all,449.0,0.008908685968819599,0.0066815144766146995,0.9740545983013412,0.9757045016572846,,
0.01,te,all,397.0,0.007556675062972292,0.012594458438287154,0.9834538719184884,0.9757045016572846,,
0.01,cm,all,597.0,0.008375209380234505,0.0,0.8706897778284561,0.9757045016572846,,
0.01,en,writer_L1_band=general,212.0,0.014150943396226415,0.02830188679245283,0.9950219201613736,0.9757045016572846,,
0.01,en,writer_L1_band=indian,190.0,0.005263157894736842,0.010526315789473684,0.9950219201613736,0.9757045016572846,,
0.05,en,all,402.0,0.05223880597014925,0.0472636815920398,0.7070866514772087,0.775535716828515,,
0.05,hi,all,449.0,0.044543429844097995,0.0378619153674833,0.7366648424605313,0.775535716828515,,
0.05,te,all,397.0,0.05037783375314862,0.02518891687657431,0.4165495862937031,0.775535716828515,,
0.05,cm,all,597.0,0.03350083752093802,0.05025125628140704,0.819371692756889,0.775535716828515,,
0.05,en,writer_L1_band=general,212.0,0.08490566037735849,0.07547169811320754,0.7070866514772087,0.775535716828515,,
0.05,en,writer_L1_band=indian,190.0,0.015789473684210527,0.015789473684210527,0.7070866514772087,0.775535716828515,,
0.01,en,L1_L2_disparity (indian - general),,-0.008887785501489574,-0.01777557100297915,,,,
0.05,en,L1_L2_disparity (indian - general),,-0.06911618669314795,-0.05968222442899702,,,,
0.01,en,unmatched_human_robustness_check,388.0,0.002577319587628866,0.02577319587628866,0.9950219201613736,0.9757045016572846,213.0,200.0
0.01,hi,unmatched_human_robustness_check,266.0,0.007518796992481203,0.0037593984962406013,0.9740545983013412,0.9757045016572846,142.0,171.0
0.01,te,unmatched_human_robustness_check,366.0,0.00273224043715847,0.00546448087431694,0.9834538719184884,0.9757045016572846,209.0,151.0
0.05,en,unmatched_human_robustness_check,388.0,0.059278350515463915,0.059278350515463915,0.7070866514772087,0.775535716828515,213.0,200.0
0.05,hi,unmatched_human_robustness_check,266.0,0.041353383458646614,0.03759398496240601,0.7366648424605313,0.775535716828515,142.0,171.0
0.05,te,unmatched_human_robustness_check,366.0,0.04371584699453552,0.0273224043715847,0.4165495862937031,0.775535716828515,209.0,151.0
